"Id","Name","Industry","Errors"
"001Ec00002ipXvdIAE","Edge Communications","Electronics","#N/A"
"001Ec00002ipXveIAE","Burlington Textiles Corp of America","Apparel","#N/A"
"001Ec00002ipXvfIAE","Pyramid Construction Inc.","Construction","#N/A"
"001Ec00002ipXvgIAE","Dickenson plc","Consulting","#N/A"
"001Ec00002ipXvhIAE","Grand Hotels & Resorts Ltd","Hospitality","#N/A"
"001Ec00002ipXviIAE","United Oil & Gas Corp.","Energy","#N/A"
"001Ec00002ipXvjIAE","Express Logistics and Transport","Transportation","#N/A"
"001Ec00002ipXvkIAE","University of Arizona","Education","#N/A"
"001Ec00002ipXvlIAE","United Oil & Gas, UK","Energy","#N/A"
"001Ec00002ipXvmIAE","United Oil & Gas, Singapore","Energy","#N/A"
"001Ec00002ipXvnIAE","GenePoint","Biotechnology","#N/A"
"001Ec00002ipXvoIAE","sForce","#N/A","#N/A"
"001Ec00002ipXvpIAE","Sant Kanwar ram","#N/A","#N/A"
"001Ec00002ipXvqIAE","Reliance Banking","#N/A","#N/A"
"001Ec00002ipXvrIAE","Reliance SuperMarket","#N/A","#N/A"
"001Ec00002ipXvsIAE","Reliance Foot ware","#N/A","#N/A"
"001Ec00002ipXvtIAE","Reliance Industry","#N/A","#N/A"
"001Ec00002ipXvuIAE","ragh","#N/A","#N/A"
