"Id","FirstName","LastName","Email","Errors"
"003Ec00001yPNHyIAO","Rose","Gonzalez","rose@edge.com","#N/A"
"003Ec00001yPNHzIAO","Sean","Forbes","sean@edge.com","#N/A"
"003Ec00001yPNI0IAO","Jack","Rogers","jrogers@burlington.com","#N/A"
"003Ec00001yPNI1IAO","Pat","Stumuller","pat@pyramid.net","#N/A"
"003Ec00001yPNI2IAO","Andy","Young","a_young@dickenson.com","#N/A"
"003Ec00001yPNI3IAO","Tim","Barr","barr_tim@grandhotels.com","#N/A"
"003Ec00001yPNI4IAO","John","Bond","bond_john@grandhotels.com","#N/A"
"003Ec00001yPNI5IAO","Stella","Pavlova","spavlova@uog.com","#N/A"
"003Ec00001yPNI6IAO","Lauren","Boyle","lboyle@uog.com","#N/A"
"#N/A","Babara","Levy","b.levy@expressl&t.net","Email: invalid email address: b.levy@expressl&amp;t.net"
"#N/A","Josh","Davis","j.davis@expressl&t.net","Email: invalid email address: j.davis@expressl&amp;t.net"
"003Ec00001yPNI7IAO","Jane","Grey","jane_gray@uoa.edu","#N/A"
"003Ec00001yPNI8IAO","Arthur","Song","asong@uog.com","#N/A"
"003Ec00001yPNI9IAO","Ashley","James","ajames@uog.com","#N/A"
"003Ec00001yPNIAIA4","Tom","Ripley","tripley@uog.com","#N/A"
"003Ec00001yPNIBIA4","Liz","D'Cruz","ldcruz@uog.com","#N/A"
"003Ec00001yPNICIA4","Edna","Frank","efrank@genepoint.com","#N/A"
"003Ec00001yPNIDIA4","Avi","Green","agreen@uog.com","#N/A"
"003Ec00001yPNIEIA4","Siddartha","Nedaerk","#N/A","#N/A"
"003Ec00001yPNIFIA4","Jake","Llorrac","#N/A","#N/A"
"003Ec00001yPNIGIA4","Kanchan","Soni","#N/A","#N/A"
"003Ec00001yPNIHIA4","John","Dodge","jdodge@example.com","#N/A"
"003Ec00001yPNIIIA4","Sarah","Smith","ssnith@example.com","#N/A"
"003Ec00001yPNIJIA4","George","Dapper","gdapper@example.com","#N/A"
"003Ec00001yPNIKIA4","Jack","Dodge","jdodge2@example.com","#N/A"
"003Ec00001yPNILIA4","Jessica","Jones","jjones@example.com","#N/A"
"003Ec00001yPNIMIA4","Dragon","Davich","dragonr@example.com","#N/A"
"003Ec00001yPNINIA4","Steve","Curio","curious@example.com","#N/A"
"003Ec00001yPNIOIA4","Laura","Black","black@example.com","#N/A"
"003Ec00001yPNIPIA4","Wilhelm","Blake","wblake@example.com","#N/A"
"003Ec00001yPNIQIA4","Winter","Drake","dragon2@example.com","#N/A"
"003Ec00001yPNIRIA4","Sal","Sands","sandssquared@example.com","#N/A"
"003Ec00001yPNISIA4","Julia","Wilds","jwilds@example.com","#N/A"
"003Ec00001yPNITIA4","Juniper","Birsch","woodsy@example.com","#N/A"
"003Ec00001yPNIUIA4","Valerie","Duncan","vduncan@example.com","#N/A"
"003Ec00001yPNIVIA4","Patti","Patel","ppatel@example.com","#N/A"
"003Ec00001yPNIWIA4","Justin","Short","jshort@example.com","#N/A"
"003Ec00001yPNIXIA4","John","Downes","bungie@example.com","#N/A"
"003Ec00001yPNIYIA4","Xavier","Birch","xjb@example.com","#N/A"
"003Ec00001yPNIZIA4","Basil","Wenceslas","hansa@example.com","#N/A"
"003Ec00001yPNIaIAO","Alice","Black","blackalice@example.com","#N/A"
"003Ec00001yPNIbIAO","Hari","M","#N/A","#N/A"
"003Ec00001yPNIcIAO","Steven","King","#N/A","#N/A"
"003Ec00001yPNIdIAO","Sharath","Kumar","#N/A","#N/A"
"003Ec00001yPNIeIAO","Rohit","W","#N/A","#N/A"
"003Ec00001yPNIfIAO","Kranti","Kumar","#N/A","#N/A"
"003Ec00001yPNIgIAO","Rajesh","K","#N/A","#N/A"
"003Ec00001yPNIhIAO","Manoj","K","#N/A","#N/A"
"003Ec00001yPNIiIAO","Taylor","Fax","#N/A","#N/A"
"003Ec00001yPNIjIAO","Jack","Livingston","#N/A","#N/A"
"003Ec00001yPNIkIAO","Neha","Kumari","#N/A","#N/A"
"003Ec00001yPNIlIAO","David","Bruce","#N/A","#N/A"
"003Ec00001yPNImIAO","Sruthi","Reddy","#N/A","#N/A"
