"Id","Name","StageName","CloseDate","Errors"
"006Ec00000e32RVIAY","Dickenson Mobile Generators","Qualification","2024-03-08","#N/A"
"006Ec00000e32RWIAY","United Oil Office Portable Generators","Negotiation/Review","2024-03-08","#N/A"
"006Ec00000e32RXIAY","Express Logistics Standby Generator","Closed Won","2024-03-08","#N/A"
"006Ec00000e32RYIAY","GenePoint Standby Generator","Closed Won","2024-03-08","#N/A"
"006Ec00000e32RZIAY","Grand Hotels Kitchen Generator","Id. Decision Makers","2024-03-08","#N/A"
"006Ec00000e32RaIAI","United Oil Refinery Generators","Proposal/Price Quote","2024-03-08","#N/A"
"006Ec00000e32RbIAI","United Oil SLA","Closed Won","2024-03-08","#N/A"
"006Ec00000e32RcIAI","Grand Hotels Guest Portable Generators","Value Proposition","2024-03-08","#N/A"
"006Ec00000e32RdIAI","Edge Emergency Generator","Closed Won","2024-03-08","#N/A"
"006Ec00000e32ReIAI","University of AZ Portable Generators","Closed Won","2024-03-08","#N/A"
"006Ec00000e32RfIAI","Pyramid Emergency Generators","Prospecting","2024-03-08","#N/A"
"006Ec00000e32RgIAI","Express Logistics Portable Truck Generators","Value Proposition","2024-03-08","#N/A"
"006Ec00000e32RhIAI","GenePoint Lab Generators","Id. Decision Makers","2024-03-08","#N/A"
"006Ec00000e32RiIAI","GenePoint SLA","Closed Won","2024-03-08","#N/A"
"006Ec00000e32RjIAI","United Oil Installations","Closed Won","2024-03-08","#N/A"
"006Ec00000e32RkIAI","United Oil Installations","Negotiation/Review","2024-03-08","#N/A"
"006Ec00000e32RlIAI","Edge Installation","Closed Won","2024-03-08","#N/A"
"006Ec00000e32RmIAI","Edge SLA","Closed Won","2024-03-08","#N/A"
"006Ec00000e32RnIAI","Grand Hotels Generator Installations","Closed Won","2024-03-08","#N/A"
"006Ec00000e32RoIAI","United Oil Refinery Generators","Closed Won","2024-03-08","#N/A"
"006Ec00000e32RpIAI","University of AZ Installations","Proposal/Price Quote","2024-03-08","#N/A"
"006Ec00000e32RqIAI","Express Logistics SLA","Perception Analysis","2024-03-08","#N/A"
"006Ec00000e32RrIAI","United Oil Emergency Generators","Closed Won","2024-03-08","#N/A"
"006Ec00000e32RsIAI","University of AZ SLA","Closed Won","2024-03-08","#N/A"
"006Ec00000e32RtIAI","Burlington Textiles Weaving Plant Generator","Closed Won","2024-03-08","#N/A"
"006Ec00000e32RuIAI","United Oil Installations","Closed Won","2024-03-08","#N/A"
"006Ec00000e32RvIAI","Grand Hotels SLA","Closed Won","2024-03-08","#N/A"
"006Ec00000e32RwIAI","United Oil Standby Generators","Closed Won","2024-03-08","#N/A"
"006Ec00000e32RxIAI","Grand Hotels Emergency Generators","Closed Won","2024-03-08","#N/A"
"006Ec00000e32RyIAI","United Oil Plant Standby Generators","Needs Analysis","2024-03-08","#N/A"
"006Ec00000e32RzIAI","Edge Emergency Generator","Id. Decision Makers","2024-03-08","#N/A"
"006Ec00000e32S0IAI","Prestige-","Prospecting","2026-06-30","#N/A"
"006Ec00000e32S1IAI","Sant Kanwar ram-","Prospecting","2026-06-30","#N/A"
